jaccard_at_5,jaccard_at_10,kendall_tau,n_runs,instance,true_class,pred_label
0.4708994708994708,0.31268045679810386,0.22399160293897136,10,1571748,Analysis,0
0.20282186948853614,0.24171594563751422,0.14158044684360474,10,1124981,Analysis,3
0.48677248677248663,0.35061888003064473,0.18980356875093715,10,1259370,Analysis,0
0.5738095238095237,0.4724460724460725,0.32115759484180534,10,1016305,Analysis,0
0.1807760141093474,0.22410246749772028,0.11255060728744945,10,1764370,Analysis,2
0.45634920634920617,0.38805453805453805,0.2654370970160444,10,1046218,Analysis,1
0.4748677248677247,0.33253609135962076,0.2299295246663668,10,1781662,Analysis,0
0.4788359788359787,0.3136688293551039,0.17894736842105266,10,1045716,Analysis,1
0.5235449735449735,0.315700639230051,0.21037636827110512,10,1046503,Analysis,1
0.5108465608465607,0.37142258612846846,0.23916629179787077,10,1049376,Analysis,1
0.5158730158730158,0.3446299887476358,0.2391063127905233,10,1048013,Analysis,1
0.5423280423280422,0.3369723957959252,0.23838656470235423,10,1047359,Analysis,1
0.513227513227513,0.3101450836744955,0.17432898485530063,10,1299541,Analysis,0
0.4007936507936507,0.31065981948334886,0.16851102114260008,10,1046184,Analysis,1
0.21428571428571427,0.23142687874370024,0.1168091168091168,10,1631161,Analysis,3
0.5166666666666666,0.3456391103449927,0.19748088169140798,10,1046933,Analysis,1
0.41137566137566123,0.32691948574301516,0.1902234218023692,10,1713014,Analysis,1
0.47962962962962963,0.3450166391342862,0.22195231668915882,10,1048616,Analysis,1
0.45502645502645483,0.29782135076252725,0.19412205727995205,10,1455448,Analysis,0
0.5259259259259259,0.3410340204457851,0.21019643124906284,10,1048024,Analysis,1
0.5264550264550264,0.3271205918264742,0.22219223271854854,10,1712869,Analysis,1
0.4896825396825396,0.3658203452321099,0.20527815264657367,10,1501463,Analysis,1
0.35185185185185186,0.2977307732209693,0.16053381316539211,10,996895,Analysis,1
0.5015873015873014,0.31001939237233356,0.18914379967011546,10,1454900,Analysis,0
0.30423280423280424,0.26617667009823875,0.1351626930574299,10,1455855,Analysis,5
0.40873015873015867,0.32478871890636596,0.19598140650772228,10,1131152,Analysis,1
0.1948853615520282,0.22107829486570457,0.09821562453141401,10,1896250,Analysis,3
0.3835978835978836,0.3251753692930164,0.2088169140800719,10,1877227,Analysis,1
0.4351851851851852,0.37006751418516126,0.2553606237816764,10,1049130,Analysis,1
0.5224867724867723,0.3083542818836936,0.22087269455690506,10,1046275,Analysis,1
0.3156966490299824,0.34379643595329873,0.18068675963412809,10,1764718,Analysis,4
0.4867724867724867,0.3531075678134502,0.20977657819763088,10,1565899,Analysis,0
0.5386243386243386,0.3394610835787306,0.23370820212925483,10,1047324,Analysis,1
0.49735449735449727,0.34537096890038066,0.26459739091318035,10,1048627,Analysis,1
0.46243386243386236,0.2818693289281525,0.1989203778677463,10,1877097,Analysis,1
0.4624338624338622,0.3094124829418947,0.20431848852901485,10,1630576,Analysis,0
0.23059964726631388,0.2758310851706105,0.17666816614185035,10,1260439,Analysis,2
0.494179894179894,0.31549953314659196,0.24870295396611192,10,1254953,Analysis,0
0.25044091710758376,0.2638603589583981,0.12562603088918875,10,1454641,Analysis,4
0.4624338624338623,0.36205559146735616,0.21961313540260907,10,1074211,Analysis,1
0.26763668430335097,0.28449653965649835,0.14757834757834762,10,1630974,Analysis,4
0.2821869488536155,0.24477495901644508,0.11830859199280253,10,1630954,Analysis,3
0.4637566137566137,0.30442752599615347,0.18488529014844807,10,1455078,Analysis,0
0.2222222222222222,0.22748701819909248,0.10415354625880943,10,1127056,Analysis,2
0.4960317460317458,0.3581483875601522,0.23970610286399754,10,1536023,Analysis,1
0.23677248677248675,0.23924680983504512,0.11009146798620484,10,1452854,Analysis,2
0.3179012345679012,0.28641097464626875,0.16407257459889038,10,1455677,Analysis,4
0.2649911816578483,0.2824179814375892,0.15207677312940474,10,1260013,Analysis,3
0.44973544973544954,0.3066736096147861,0.19310241415504573,10,1259962,Analysis,0
0.5589947089947089,0.3272307213483684,0.21451491977807768,10,1047484,Analysis,1
0.2671957671957672,0.2877736279697064,0.1900434847803269,10,1016209,Analysis,4
0.51005291005291,0.3682336182336182,0.20563802669065823,10,1047337,Analysis,1
0.3201058201058201,0.3222421732225654,0.17133003448792924,10,1258940,Analysis,4
0.2848324514991181,0.25557630459591246,0.1262258209626631,10,1896173,Analysis,3
0.42460317460317454,0.30645574469103887,0.17768780926675667,10,1046398,Analysis,0
0.42724867724867716,0.3744292744292744,0.22603088918878397,10,1712962,Analysis,1
0.28615520282186946,0.3107639637051402,0.1674913780176938,10,1016533,Analysis,4
0.3941798941798941,0.30374919198448613,0.2132553606237817,10,1046704,Analysis,1
0.2358906525573192,0.24409297082155698,0.11464987254460934,10,1765410,Analysis,6
0.2614638447971781,0.32103832986185926,0.18386564702354172,10,1125106,Analysis,4
0.5068783068783067,0.3336645924881219,0.21685410106462738,10,1048605,Analysis,1
0.639153439153439,0.37649572649572643,0.24768331084120557,10,1877136,Analysis,1
0.24691358024691357,0.2688987845850591,0.11512970460338884,10,1765393,Analysis,3
0.2808641975308642,0.21816578483245147,0.10631279052331685,10,1630935,Analysis,6
0.435185185185185,0.3700260161044474,0.2253111411006148,10,1049025,Analysis,1
0.44920634920634905,0.32855347267111973,0.2026390763232869,10,1891053,Analysis,0
0.2195767195767196,0.2107400855078874,0.12052781526465736,10,1016186,Analysis,3
0.16931216931216928,0.2242672627605548,0.06942570100464837,10,1259329,Analysis,2
0.512169312169312,0.34528118939883645,0.23850652271704906,10,1046381,Analysis,1
0.492063492063492,0.31238358591299764,0.1864447443394812,10,1454738,Analysis,0
0.32936507936507936,0.2874623923643531,0.1731893837156995,10,1016450,Analysis,4
0.3796296296296296,0.34092954975307915,0.1783475783475784,10,1796063,Analysis,0
0.47301587301587283,0.2986293662764251,0.19298245614035087,10,1883859,Analysis,0
0.5259259259259258,0.2999988029399794,0.19310241415504573,10,1015787,Analysis,0
0.2940917107583774,0.3158355079923708,0.21253561253561257,10,1263090,Analysis,4
0.23456790123456794,0.23080959479308294,0.1270655270655271,10,1016139,Analysis,2
0.5055555555555554,0.42779812779812776,0.26423751686909586,10,1037615,Analysis,1
0.46560846560846547,0.31373865785630495,0.18884390463337833,10,1455018,Analysis,0
0.6306878306878305,0.43553113553113537,0.2949467686309792,10,1628926,Analysis,0
0.45846560846560835,0.3625032919150566,0.27479382216224324,10,1048591,Analysis,1
0.5185185185185185,0.3590701237760061,0.2061178587494377,10,1015871,Analysis,0
0.24162257495590825,0.2707386658367051,0.1634727845254161,10,1764848,Analysis,3
0.28439153439153436,0.27225334578275756,0.1288049182786025,10,1016058,Analysis,3
0.3955026455026454,0.34585697526873993,0.21409506672664566,10,1047814,Analysis,1
0.46560846560846547,0.3201812348871172,0.21259559154295998,10,1630914,Analysis,0
0.4439153439153438,0.3866300366300366,0.2281901334532914,10,1045639,Analysis,1
0.45590828924162274,0.2879499948127399,0.14715849452691557,10,1877029,Analysis,1
0.3928571428571427,0.2972288060523355,0.18626480731743886,10,1048136,Analysis,0
0.5365079365079364,0.3409729703847351,0.2520017993702204,10,1455797,Analysis,0
0.2932098765432099,0.255014883446256,0.07722297195981409,10,1712978,Analysis,3
0.43518518518518506,0.3022085757379875,0.17558854400959667,10,1388170,Analysis,1
0.3949735449735449,0.3306399482870071,0.18368571000149947,10,1493190,Analysis,4
0.4537037037037037,0.36318920730685433,0.21325536062378167,10,1046492,Analysis,1
0.45105820105820105,0.34686849098613803,0.18230619283250865,10,1877129,Analysis,1
0.5026455026455026,0.34249323661088366,0.21229569650622288,10,1046799,Analysis,1
0.45767195767195756,0.31610524551701025,0.1943619733093417,10,1047432,Analysis,1
0.46560846560846547,0.30827886710239655,0.1994002099265257,10,1260225,Analysis,0
0.23765432098765438,0.25353531726080747,0.1106312790523317,10,1765310,Analysis,2
0.3253968253968254,0.3235541510051314,0.17900734742840005,10,1015765,Analysis,4
0.3549382716049383,0.3147773069341697,0.20605787974209025,10,1764161,Analysis,4
0.5277777777777777,0.34341497282673755,0.21439496176338288,10,1877151,Backdoor,0
0.1794532627865961,0.22831032247956914,0.0958764432448643,10,1473607,Backdoor,3
0.4603174603174602,0.3101594483947425,0.2060578797420903,10,1800457,Backdoor,1
0.43253968253968256,0.31728794081735257,0.18026690658269606,10,1008491,Backdoor,1
0.2120811287477954,0.24533665317979042,0.11093117408906884,10,1008404,Backdoor,3
0.49100529100529083,0.3386530680648328,0.24012595591542965,10,1045682,Backdoor,0
0.47751322751322733,0.3880078527137349,0.20335882441145597,10,1877022,Backdoor,0
0.3990299823633156,0.3001803570431022,0.19538161643424803,10,1895916,Backdoor,1
0.20899470899470896,0.2295698396317591,0.10421352526615685,10,1434580,Backdoor,3
0.22530864197530864,0.23490753026356742,0.0963562753036437,10,1008380,Backdoor,3
0.49021164021164015,0.3316813905049199,0.20773729194781826,10,1047411,Backdoor,0
0.49206349206349187,0.34469103880868585,0.1938821412505623,10,1549928,Backdoor,1
0.5767195767195766,0.3441595441595442,0.1934622881991303,10,1048928,Backdoor,0
0.6264550264550265,0.3445054945054945,0.2144549407707302,10,1712899,Backdoor,0
0.4888888888888888,0.3867317867317867,0.25386114859799075,10,1010603,Backdoor,1
0.44708994708994704,0.33599320069908306,0.16623181886339783,10,1047750,Backdoor,0
0.4417989417989417,0.34196413608178317,0.2320887689308742,10,1049729,Backdoor,0
0.6370370370370372,0.38032153032153027,0.2155945419103314,10,1607651,Backdoor,0
0.3611111111111111,0.29007038712921074,0.18986354775828462,10,996567,Backdoor,1
0.35714285714285715,0.2949164851125636,0.17456890088469038,10,1048137,Backdoor,0
0.476190476190476,0.3243350331585626,0.1864447443394812,10,1580263,Backdoor,1
0.21825396825396826,0.2226033493319355,0.08568001199580148,10,1962085,Backdoor,3
0.32671957671957674,0.2869568340156575,0.15999400209926526,10,1048424,Backdoor,0
0.5857142857142856,0.49010989010988987,0.3010046483730694,10,1139085,Backdoor,1
0.5317460317460315,0.32625152625152626,0.20137951716899088,10,1712824,Backdoor,0
0.4603174603174602,0.3119035648447413,0.19232268705952918,10,1330003,Backdoor,1
0.40608465608465605,0.3153546888841007,0.19118308591992803,10,1324018,Backdoor,1
0.5171957671957671,0.37798965740142204,0.236827110511321,10,1081413,Backdoor,1
0.3611111111111111,0.3122004357298475,0.15801469485680014,10,29559,Backdoor,0
0.4457671957671957,0.3325684119801766,0.22651072124756333,10,1769578,Backdoor,1
0.5039682539682537,0.34601139601139597,0.21349527665317145,10,1046682,Backdoor,0
0.5370370370370369,0.3597069597069597,0.21079622132253711,10,1877144,Backdoor,0
0.20414462081128748,0.2377812723529958,0.10925176188334085,10,1434528,Backdoor,3
0.4730158730158729,0.3550228638463933,0.23898635477582847,10,1049280,Backdoor,0
0.22971781305114639,0.25331984645710137,0.12166741640425852,10,1012830,Backdoor,3
0.5830687830687828,0.3447377241494889,0.28247113510271404,10,1396760,Backdoor,1
0.48280423280423285,0.33172807584572295,0.1783475783475784,10,1495286,Backdoor,1
0.36111111111111105,0.2863718706855962,0.15537561853351325,10,1162444,Backdoor,0
0.22707231040564374,0.237246984563806,0.1385215174688859,10,30780,Backdoor,4
0.40873015873015855,0.29851923675453096,0.1756485230169441,10,1292187,Backdoor,1
0.5050264550264549,0.3599212334506452,0.1926825611036137,10,1238883,Backdoor,0
0.4686067019400353,0.4500703000703001,0.31515969410706257,10,1061202,Backdoor,1
0.5476190476190476,0.3342658430893725,0.20071974808816911,10,1465307,Backdoor,0
0.469047619047619,0.4064509564509563,0.25068226120857695,10,1343890,Backdoor,0
0.23148148148148145,0.22416744475568007,0.08657969710601289,10,1434509,Backdoor,3
0.4735449735449734,0.3614151643563408,0.2160143949617634,10,1547887,Backdoor,1
0.6317460317460318,0.3701465201465201,0.1955615534562903,10,1877212,Backdoor,0
0.2173721340388007,0.2131210378888397,0.10901184585395113,10,1008461,Backdoor,3
0.4422398589065257,0.3903133903133902,0.24822312190733242,10,1232837,Backdoor,1
0.45502645502645483,0.3152505446623094,0.20341880341880345,10,1236366,Backdoor,9
0.5370370370370369,0.31433120256649677,0.21109611635927422,10,1051085,Backdoor,0
0.48492063492063486,0.32546705291803335,0.19982006297795774,10,1049561,Backdoor,0
0.492063492063492,0.326844070961718,0.23214874793822166,10,1151109,Backdoor,1
0.5052910052910052,0.35280830280830283,0.19670115459589144,10,1047537,Backdoor,0
0.5854497354497356,0.32594029064617297,0.2108562003298845,10,1045693,Backdoor,0
0.46031746031746024,0.31476453829395007,0.21025641025641026,10,1376799,Backdoor,0
0.502116402116402,0.37134358016710955,0.2810916179337232,10,1727216,Backdoor,1
0.451058201058201,0.3472730972730973,0.1950217423901634,10,1048808,Backdoor,0
0.23368606701940034,0.22587132318814465,0.0922777028040186,10,1434542,Backdoor,3
0.42813051146384473,0.3339953075247193,0.1837456890088469,10,1671991,Backdoor,1
0.17857142857142855,0.20207981828208862,0.10919178287599339,10,1542588,Backdoor,3
0.47962962962962963,0.2722158379021124,0.22878992352676564,10,1641651,Backdoor,0
0.4417989417989417,0.30935143288084466,0.2333483280851702,10,1667449,Backdoor,1
0.3558201058201058,0.26613636907754556,0.14062078272604592,10,51845,Backdoor,0
0.21957671957671954,0.24156011782430775,0.12310691258059682,10,1434444,Backdoor,6
0.4973544973544973,0.29889391654097536,0.18830409356725147,10,1141049,Backdoor,1
0.2552910052910053,0.2688596806243866,0.100314889788574,10,1654008,Backdoor,3
0.31657848324514987,0.2935199150885426,0.1604738341580447,10,27895,Backdoor,4
0.328042328042328,0.3204278292513587,0.15615534562902988,10,1213262,Backdoor,4
0.4603174603174602,0.30128923364217486,0.17942720047983204,10,1924589,Backdoor,1
0.4735449735449734,0.3559242500418971,0.1934023091917829,10,1048843,Backdoor,0
0.3095238095238096,0.27900077409881335,0.1948418053681212,10,1901944,Backdoor,7
0.5875661375661375,0.37128612128612126,0.23034937771779881,10,1046294,Backdoor,0
0.23324514991181652,0.25755783794999487,0.12490628280101962,10,1434555,Backdoor,3
0.5523809523809524,0.3607041107041107,0.20035987404408462,10,1046787,Backdoor,0
0.5735449735449735,0.3722018722018722,0.21751387014544907,10,1877167,Backdoor,0
0.24867724867724866,0.2344251150752699,0.0981556455240666,10,1712979,Backdoor,3
0.6740740740740742,0.3722629222629223,0.21991303043934624,10,1877251,Backdoor,0
0.5394179894179894,0.3181554103122731,0.23178887389413708,10,33459,Backdoor,0
0.23104056437389772,0.26381493368077474,0.14895786474733844,10,1008412,Backdoor,6
0.48677248677248663,0.33884898688820264,0.21835357624831306,10,1049756,Backdoor,0
0.5097883597883597,0.36094831094831104,0.24744339481181585,10,1048910,Backdoor,0
0.439153439153439,0.3147525676937442,0.2192532613585245,10,1872293,Backdoor,1
0.44973544973544954,0.31814264167205347,0.21805368121157598,10,1962087,Backdoor,1
0.18915343915343913,0.24800170780562938,0.10787224471434996,10,1812137,Backdoor,6
0.2508818342151675,0.26210187778815225,0.11249062828010196,10,1372225,Backdoor,4
0.4272486772486772,0.3511336158394982,0.1981406507722297,10,1047573,Backdoor,0
0.4981481481481481,0.3483887572122867,0.21811366021892337,10,1610542,Backdoor,1
0.3373015873015873,0.3094360251222996,0.19502174239016346,10,1046454,Backdoor,0
0.3544973544973545,0.32680935622112095,0.17840755735492578,10,996896,Backdoor,1
0.4743386243386244,0.38430414901003124,0.25626030889188783,10,1369000,Backdoor,1
0.4166666666666666,0.30248749072278486,0.21031638926375767,10,1046399,Backdoor,0
0.2376543209876543,0.2665888577653283,0.12838506522717053,10,998800,Backdoor,4
0.5767195767195767,0.43412698412698403,0.29476683160893685,10,1166027,Backdoor,0
0.447089947089947,0.38735665206253445,0.2433048433048433,10,1712861,Backdoor,0
0.4915343915343914,0.3639397639397639,0.3037636827110512,10,1189637,Backdoor,1
0.4999999999999998,0.3461538461538461,0.20341880341880342,10,1712831,Backdoor,0
0.35582010582010576,0.2714441332088391,0.19364222522117258,10,1017949,Backdoor,7
0.488095238095238,0.33153734428244236,0.1904633378317589,10,1875051,Backdoor,1
0.45449735449735434,0.4063695563695562,0.22351177088019195,10,1598920,Backdoor,0
0.20811287477954146,0.21524262726533105,0.07602339181286549,10,538709,Benign,2
0.22442680776014107,0.22553688141923434,0.09593642225221173,10,1073604,Benign,2
0.20326278659611993,0.21529302979251375,0.08484030589293746,10,1495300,Benign,2
0.19179894179894177,0.2255109451187882,0.0988154146048883,10,148348,Benign,2
0.21516754850088185,0.23701509093665954,0.11015144699355227,10,1662917,Benign,2
0.2111992945326278,0.2039835427348327,0.09329734592892489,10,162798,Benign,2
0.2244268077601411,0.23829999836191781,0.12244714349977508,10,1696280,Benign,2
0.2120811287477954,0.2379396202925615,0.12328684960263908,10,1807777,Benign,2
0.2372134038800705,0.21426223510846829,0.08178137651821862,10,236417,Benign,2
0.20723104056437391,0.22762188696141225,0.08933873144399461,10,512132,Benign,2
0.22266313932980597,0.24845299943339158,0.11129104813315338,10,189264,Benign,2
0.2231040564373898,0.2535428986409379,0.11824861298545508,10,1012594,Benign,2
0.21252204585537918,0.21329375054865246,0.08376068376068375,10,784017,Benign,2
0.20238095238095238,0.2209196739124499,0.08286099865047235,10,1832736,Benign,2
0.22619047619047625,0.22196804647785043,0.1087719298245614,10,1344962,Benign,2
0.2138447971781305,0.19502541757443717,0.06750637276953067,10,655924,Benign,2
0.1917989417989418,0.22284960767932904,0.07704303493777179,10,1089862,Benign,2
0.21031746031746026,0.2513111797425523,0.10631279052331685,10,367103,Benign,2
0.21781305114638447,0.24048137773627967,0.09959514170040489,10,1490660,Benign,2
0.22442680776014107,0.23163562921044858,0.0694856800119958,10,886235,Benign,2
0.31040564373897706,0.23239689638038452,0.11039136302294199,10,762115,Benign,2
0.25749559082892415,0.2559522444455365,0.10673264357474885,10,1739598,Benign,2
0.19091710758377423,0.2136281923175628,0.054730844204528416,10,1685876,Benign,2
0.19047619047619044,0.20675381263616555,0.08705952916479233,10,1440305,Benign,2
0.23677248677248675,0.24763952364571565,0.15405608037186985,10,1152155,Benign,2
0.20282186948853614,0.26186971114731694,0.12124756335282652,10,346542,Benign,2
0.2081128747795414,0.27052080091295777,0.13390313390313394,10,1512639,Benign,2
0.23368606701940034,0.23339684051758355,0.10421352526615683,10,791805,Benign,2
0.21649029982363316,0.22635373837644215,0.1022342180236917,10,675546,Benign,2
0.20149911816578484,0.20782211520085617,0.08687959214275005,10,1775211,Benign,2
0.2495590828924162,0.24678389874468304,0.10823211875843458,10,1599583,Benign,2
0.17548500881834214,0.21442549729443428,0.07026540710751239,10,1701819,Benign,2
0.17989417989417988,0.23119345203968525,0.11680911680911683,10,632209,Benign,2
0.22089947089947087,0.24561038090449852,0.11093117408906886,10,1973615,Benign,2
0.22134038800705463,0.24384244926040585,0.09425701004648374,10,989598,Benign,2
0.23765432098765432,0.2529399794105676,0.10643274853801166,10,193128,Benign,2
0.20017636684303347,0.20574748417885666,0.07674313990103464,10,1924369,Benign,2
0.2081128747795414,0.2409055360035752,0.07734292997450894,10,581627,Benign,2
0.24029982363315697,0.2341138794699166,0.1360023991602939,10,705606,Benign,2
0.23280423280423276,0.2487993487993488,0.11932823511770882,10,1887795,Benign,2
0.19179894179894177,0.19132171387073346,0.03607737291947818,10,170208,Benign,2
0.2940917107583774,0.24946816933401042,0.11944819313240368,10,662613,Benign,2
0.20679012345679007,0.23573383769462197,0.09329734592892487,10,186355,Benign,2
0.2275132275132275,0.21633932325366795,0.10625281151596941,10,1182413,Benign,2
0.2103174603174603,0.2119459869717867,0.08526015894436947,10,129345,Benign,2
0.20326278659611993,0.20735771891602645,0.07182486129854551,10,328082,Benign,2
0.1807760141093474,0.21105923851021885,0.06684660368870897,10,1102400,Benign,2
0.21119929453262784,0.2080244183443358,0.1161493477282951,10,524775,Benign,2
0.19885361552028222,0.2256184075069524,0.07920227920227921,10,1372841,Benign,2
0.1979717813051146,0.22589087516848094,0.10163442795021742,10,296427,Benign,2
0.2275132275132275,0.23748314140470997,0.08939871045134204,10,1501890,Benign,2
0.21649029982363308,0.24288706935765753,0.10463337831758886,10,145644,Benign,2
0.18298059964726632,0.1887876008103046,0.05371120107962213,10,1595745,Benign,2
0.22266313932980597,0.21610644257703077,0.09647623331833859,10,799240,Benign,2
0.20590828924162252,0.22720717916796346,0.09173789173789172,10,1577640,Benign,2
0.21428571428571427,0.2170660856935367,0.10169440695756485,10,1087005,Benign,2
0.205026455026455,0.24738289077814363,0.11434997750787225,10,1640384,Benign,3
0.27689594356261027,0.2319846457101359,0.08256110361373518,10,103890,Benign,2
0.23192239858906522,0.23103783423700858,0.07236467236467237,10,130966,Benign,2
0.18783068783068785,0.23729640004149807,0.101154595891438,10,832458,Benign,2
0.24470899470899468,0.2469343292872704,0.10151446993552253,10,48610,Benign,2
0.24779541446208111,0.26487187467579626,0.1243664717348928,10,122038,Benign,2
0.23633156966490299,0.25905695611577967,0.11668915879442196,10,865975,Benign,2
0.27777777777777773,0.29599822835116946,0.09863547758284602,10,716482,Benign,2
0.22839506172839505,0.2135073522586422,0.10025491078122657,10,1970711,Benign,2
0.2345679012345679,0.24403864109746465,0.13540260908681961,10,1213475,Benign,2
0.23104056437389767,0.23849984438219735,0.12718548508022193,10,684452,Benign,2
0.21825396825396826,0.23163071496404827,0.09869545659019342,10,109686,Benign,2
0.1948853615520282,0.23799913727674307,0.10631279052331685,10,1247928,Benign,2
0.23985890652557318,0.2681450987952536,0.14787824261508475,10,1043018,Benign,2
0.2292768959435626,0.23332022867626578,0.10715249662618087,10,6155,Benign,2
0.22354497354497352,0.23229069405539987,0.11530964162543111,10,799194,Benign,2
0.18165784832451493,0.241967391244997,0.13372319688109163,10,85573,Benign,2
0.2173721340388007,0.22848051501302274,0.11500974658869395,10,1807885,Benign,2
0.18562610229276896,0.22199643990149664,0.07386414754835806,10,1295489,Benign,2
0.21119929453262784,0.22516465875599004,0.13798170640275906,10,1978712,Benign,2
0.21516754850088177,0.22667016124188466,0.07446393762183236,10,699453,Benign,2
0.21428571428571427,0.2349789548447959,0.12070775228669967,10,679354,Benign,2
0.20105820105820105,0.1958682108320911,0.05587044534412955,10,308823,Benign,2
0.1948853615520282,0.24671652736668215,0.10871195081721399,10,387221,Benign,2
0.18694885361552024,0.2212805980091842,0.08621982306192834,10,1539317,Benign,2
0.18694885361552024,0.21159352629940859,0.0633678212625581,10,351926,Benign,2
0.23236331569664906,0.22805270256250645,0.07098515519568152,10,1424927,Benign,2
0.17460317460317462,0.20994124745414733,0.0937171989803569,10,520415,Benign,2
0.20105820105820105,0.23528893038696957,0.09785575048732943,10,173338,Benign,2
0.21604938271604937,0.20417001108435576,0.10229419703103913,10,148630,Benign,2
0.22883597883597878,0.22266040919291694,0.06414754835807468,10,430737,Benign,2
0.22222222222222218,0.2585925598309499,0.12088768930874196,10,1298618,Benign,2
0.2116402116402116,0.2257001436052003,0.10229419703103915,10,1044424,Benign,2
0.18606701940035275,0.19756690200446647,0.0705053231369021,10,1213533,Benign,2
0.21737213403880065,0.23690216827471733,0.14703853651222074,10,532302,Benign,2
0.22001763668430335,0.27205383577932596,0.1343229869545659,10,447050,Benign,2
0.23280423280423276,0.28303526538820656,0.1835057729794572,10,852106,Benign,2
0.23853615520282184,0.23852065642571318,0.08178137651821862,10,375873,Benign,2
0.22354497354497352,0.24656330368404672,0.12046783625730995,10,1528591,Benign,2
0.19268077601410932,0.21197465340912192,0.0829809566651672,10,1944774,Benign,2
0.2103174603174603,0.24694350674742832,0.10721247563352827,10,354795,Benign,2
0.1856261022927689,0.21364194800727307,0.07146498725446095,10,568975,Benign,2
0.20194003527336857,0.21729405212377348,0.06894586894586896,10,1171811,Benign,2
0.18298059964726632,0.22695300342359165,0.08142150247413406,10,1144514,Benign,2
0.2261904761904762,0.23629651890745804,0.13378317588843902,10,1158565,DoS,3
0.2291887125220458,0.2884611394415316,0.13294346978557506,10,1201022,DoS,3
0.23633156966490299,0.2762630978317253,0.14475933423301843,10,1750824,DoS,3
0.18474426807760141,0.1986922644301385,0.04033588244114561,10,1506711,DoS,6
0.23633156966490299,0.27212007310046527,0.14200029989503676,10,1834768,DoS,3
0.21649029982363316,0.25382700088582444,0.13762183235867448,10,1860645,DoS,4
0.2724867724867725,0.2812624194977136,0.17732793522267207,10,1974112,DoS,4
0.20811287477954146,0.2301224193381056,0.07674313990103465,10,1155705,DoS,3
0.2134038800705467,0.24424732856105402,0.08615984405458091,10,1282649,DoS,3
0.2835097001763669,0.26828908201457224,0.13666216824111563,10,1751148,DoS,4
0.35185185185185186,0.2944288826641768,0.1727695306642675,10,1877091,DoS,0
0.259700176366843,0.22793312256676548,0.10913180386864596,10,1766857,DoS,3
0.22663139329805995,0.20865999421210976,0.08621982306192831,10,1394195,DoS,3
0.28615520282186946,0.2944808182682279,0.15615534562902988,10,1090425,DoS,3
0.2566137566137566,0.26504584739878856,0.1204078572499625,10,1088595,DoS,3
0.19885361552028216,0.20049770395487626,0.0781226570700255,10,1724142,DoS,3
0.22266313932980603,0.22296645753818095,0.0997150997150997,10,43503,DoS,3
0.25000000000000006,0.2667720079484785,0.13570250412355675,10,1455512,DoS,3
0.4584656084656083,0.3065658742129331,0.16023391812865498,10,1271970,DoS,0
0.18827160493827158,0.250492789708476,0.11428999850052482,10,1574871,DoS,3
0.22354497354497355,0.26200850710654633,0.12154745838956366,10,1491512,DoS,3
0.24647266313932986,0.28253329821957274,0.15639526165841958,10,1208754,DoS,3
0.2398589065255732,0.22590763400876918,0.08208127155495577,10,1458722,DoS,3
0.30820105820105825,0.2771956075877644,0.14703853651222076,10,1775172,DoS,4
0.2482363315696649,0.2264431818611385,0.1214874793822162,10,1914309,DoS,4
0.3156966490299824,0.3507756948933419,0.19664117558854402,10,1137787,DoS,4
0.4775132275132275,0.4088929588929589,0.23580746738641475,10,1046186,DoS,1
0.24603174603174607,0.2250544662309368,0.09317738791423004,10,1055420,DoS,7
0.3981481481481481,0.32459958342311285,0.22105263157894733,10,1048475,DoS,0
0.2967372134038801,0.28642773348655703,0.1926825611036138,10,1896371,DoS,4
0.3253086419753086,0.30419689243218656,0.1659319238266607,10,1392263,DoS,4
0.24294532627865958,0.24108036976974023,0.12268705952916482,10,1217886,DoS,3
0.2914462081128748,0.24323062558356673,0.13882141250562305,10,1242761,DoS,3
0.32760141093474426,0.284593837535014,0.1761883340830709,10,1632351,DoS,3
0.22663139329805995,0.23547048449009234,0.1249662618083671,10,1126551,DoS,3
0.20943562610229274,0.2861811391223156,0.13654221022642077,10,1736916,DoS,3
0.23148148148148145,0.30031522580542186,0.14325985904933275,10,1439727,DoS,3
0.1838624338624338,0.21556942465095197,0.07356425251162094,10,1362406,DoS,3
0.37169312169312163,0.294763660449935,0.15213675213675215,10,1069485,DoS,4
0.24294532627865958,0.21404655429423233,0.0880191932823512,10,1741245,DoS,3
0.25132275132275134,0.2794791990870423,0.2005398110661268,10,1936178,DoS,3
0.3148148148148148,0.2646683744722961,0.1621532463637727,10,1460502,DoS,4
0.4735449735449734,0.3288451562961367,0.1867446393762183,10,1370283,DoS,0
0.24947089947089943,0.21377954690648188,0.08981856350277403,10,1465498,DoS,3
0.26631393298059963,0.2635036980754215,0.10205428100164946,10,994229,DoS,6
0.22442680776014107,0.24365598091088286,0.09911530964162543,10,1125246,DoS,3
0.6275132275132275,0.38300174770763007,0.24462438146648677,10,1895557,DoS,0
0.26455026455026454,0.2564761577145478,0.13354325985904933,10,1205080,DoS,3
0.2292768959435626,0.24211536466438427,0.11476983055930426,10,1248049,DoS,4
0.17989417989417988,0.2002072173898799,0.06624681361523468,10,1269983,DoS,3
0.2566137566137566,0.26549953314659197,0.11968810916179339,10,1259597,DoS,4
0.5338624338624339,0.47816442816442817,0.30010496326285807,10,1229370,DoS,1
0.269400352733686,0.26166255676059597,0.14415954415954418,10,1780503,DoS,3
0.2019400352733686,0.21818107359903027,0.08208127155495577,10,1222760,DoS,3
0.2482363315696649,0.27688563204559075,0.13246363772679562,10,1582847,DoS,6
0.3165784832451499,0.2961873638344227,0.13780176938071673,10,1965991,DoS,3
0.3611111111111111,0.3274952716129187,0.1353426300794722,10,1047979,DoS,0
0.5738095238095239,0.5415547415547417,0.35840455840455837,10,1565838,DoS,0
0.23633156966490304,0.2134542825977294,0.0796221322537112,10,1256461,DoS,3
0.2416225749559083,0.24445481896462284,0.1177687809266757,10,1467517,DoS,3
0.18165784832451498,0.2393683009266084,0.12322687059529168,10,1135706,DoS,3
0.5637566137566137,0.4315628815628814,0.2965662018293597,10,1037617,DoS,1
0.4510582010582009,0.3303873686226627,0.21241565452091768,10,1048583,DoS,0
0.2482363315696649,0.2504757578544988,0.11393012445644024,10,1831445,DoS,3
0.457142857142857,0.29439656204362086,0.15579547158494528,10,1086378,DoS,0
0.3558201058201058,0.3151715387009505,0.19982006297795768,10,1321105,DoS,4
0.3015873015873016,0.25411868451084135,0.15729494676863098,10,1954213,DoS,7
0.27204585537918874,0.2626038449567861,0.09929524666366775,10,1245392,DoS,3
0.312962962962963,0.29003407630858613,0.1850052481631429,10,1230426,DoS,4
0.21913580246913583,0.22888785143687107,0.09545659019343232,10,1581166,DoS,3
0.2398589065255732,0.24195854980168707,0.14739841055630531,10,1219329,DoS,4
0.20855379188712517,0.21171010314457167,0.1218473534263008,10,1835761,DoS,3
0.3029100529100529,0.24918560016599234,0.1108711950817214,10,1323438,DoS,3
0.2945326278659612,0.25985579416951965,0.13228370070475334,10,1154992,DoS,3
0.46164021164021146,0.3044183485359956,0.17144999250262408,10,1209748,DoS,0
0.2314814814814815,0.22619566345056544,0.1047533363322837,10,1790959,DoS,3
0.22266313932980597,0.28962547982155823,0.11075123706702655,10,55391,DoS,3
0.2619047619047619,0.2346249610955493,0.10085470085470086,10,1587425,DoS,6
0.23544973544973544,0.2280862832462419,0.11291048133153397,10,1460692,DoS,3
0.478835978835979,0.28650155218782675,0.18716449242765035,10,1048193,DoS,0
0.2707231040564374,0.24317875298267455,0.08334083070925177,10,1502298,DoS,4
0.2579365079365079,0.22101604774463388,0.0768630979157295,10,1017838,DoS,2
0.30379188712522043,0.2595756821247017,0.13522267206477734,10,1061694,DoS,2
0.1693121693121693,0.22935197470801186,0.06420752736542211,10,1117822,DoS,3
0.47619047619047605,0.3115755703990998,0.20275903433798168,10,1804000,DoS,8
0.1970899470899471,0.2395916261241339,0.10877192982456142,10,1326454,DoS,4
0.2857142857142857,0.2907774505813721,0.12520617783775678,10,1533670,DoS,4
0.2526455026455026,0.24238117499211406,0.08831908831908832,10,1341794,DoS,3
0.466931216931217,0.39580191050779284,0.2436647173489278,10,1046801,DoS,1
0.27865961199294537,0.2595341840439879,0.15003748687959217,10,1112063,DoS,3
0.27645502645502645,0.26945501847462633,0.12352676563202881,10,1702272,DoS,4
0.23059964726631388,0.22688802616563192,0.11405008247113509,10,1801674,DoS,6
0.5738095238095237,0.342879886997534,0.19538161643424803,10,1008387,DoS,1
0.2195767195767196,0.22051960385293715,0.10763232868496025,10,1572441,DoS,3
0.35670194003527345,0.2677599814854717,0.18008696956065376,10,1544282,DoS,8
0.2336860670194003,0.2611135682343113,0.0895186684660369,10,52919,DoS,3
0.2345679012345679,0.2456283998079664,0.11596941070625283,10,1962508,DoS,6
0.29894179894179895,0.29377010063284575,0.16209326735642526,10,1438438,DoS,4
0.177689594356261,0.18652295226082635,0.06552706552706553,10,1517951,DoS,3
0.2932098765432099,0.25806744950191796,0.12106762633078424,10,1676260,DoS,3
0.25617283950617287,0.3012996081623533,0.16095366621682414,10,1851042,Exploits,4
0.30246913580246915,0.24744268077601414,0.1281451491977808,10,1118520,Exploits,4
0.32407407407407407,0.3101398964144062,0.17037037037037037,10,1878083,Exploits,4
0.22442680776014107,0.2689011787051003,0.12346678662468134,10,1428371,Exploits,3
0.2702821869488536,0.26694677871148453,0.15549557654820814,10,1463275,Exploits,4
0.26719576719576715,0.2713755017676587,0.12646573699205277,10,1810130,Exploits,4
0.3120811287477954,0.329815173932821,0.18494526915579537,10,1742089,Exploits,4
0.30467372134038806,0.3057111733582322,0.15681511470985157,10,1853426,Exploits,4
0.2583774250440917,0.2795258844278452,0.1389413705203179,10,1817762,Exploits,4
0.26058201058201064,0.2762161394772334,0.17804768331084123,10,1561316,Exploits,4
0.4047619047619046,0.3313557901793196,0.20713750187434402,10,1050647,Exploits,4
0.2574955908289241,0.2922657952069717,0.14218023691707904,10,1361311,Exploits,4
0.21604938271604937,0.19389186473809797,0.06492727545359125,10,1567369,Exploits,3
0.2588183421516755,0.2433654943458865,0.14080071974808817,10,1916191,Exploits,4
0.32098765432098764,0.32766645119586296,0.18326585695006747,10,1647670,Exploits,4
0.3033509700176367,0.28104974183405557,0.16791123106912578,10,1973640,Exploits,4
0.28042328042328046,0.2815022305218383,0.1362423151896836,10,1441920,Exploits,4
0.2671957671957672,0.33037300390241564,0.17204978257609838,10,1911217,Exploits,4
0.28174603174603174,0.27746534511240406,0.1433198380566802,10,1711475,Exploits,4
0.3955026455026454,0.3051820728291317,0.17091018143649722,10,1897211,Exploits,4
0.3439153439153439,0.34725514137278846,0.21949317738791424,10,1952406,Exploits,4
0.27689594356261027,0.26846910304082644,0.17810766231818864,10,1174845,Exploits,4
0.31481481481481477,0.31181298730318335,0.1592742540110961,10,976674,Exploits,4
0.2914462081128748,0.3002023031434796,0.17121007647323438,10,1904836,Exploits,4
0.2398589065255732,0.3077836832738794,0.15183685710001502,10,1718805,Exploits,4
0.25793650793650796,0.2751622016327898,0.13516269305742992,10,1561116,Exploits,4
0.31128747795414463,0.3063480092891858,0.18062678062678067,10,52554,Exploits,4
0.30776014109347444,0.32348033230386175,0.18074673864147547,10,68650,Exploits,4
0.23633156966490299,0.24071879464036325,0.11794871794871799,10,1772338,Exploits,4
0.3108465608465608,0.3203667791903086,0.1843454790823212,10,69386,Exploits,4
0.28703703703703703,0.2979925303454715,0.16515219673114412,10,1611520,Exploits,4
0.2336860670194004,0.22178621936103873,0.10913180386864602,10,1055081,Exploits,7
0.2557319223985891,0.2925642621721053,0.1432598590493327,10,1871458,Exploits,4
0.3179012345679012,0.2584733158520568,0.12400659769080824,10,1974617,Exploits,4
0.3686067019400353,0.30897156583431096,0.1710301394511921,10,1969101,Exploits,4
0.26587301587301587,0.3131034180053788,0.17834757834757833,10,1757384,Exploits,4
0.24074074074074076,0.25627631169426834,0.12982456140350876,10,1058048,Exploits,4
0.20899470899470896,0.2741091878346781,0.1767881241565452,10,57820,Exploits,4
0.23544973544973544,0.2528374312688038,0.10955165692007801,10,1078612,Exploits,4
0.26587301587301587,0.2688596806243865,0.12088768930874194,10,1609885,Exploits,4
0.3064373897707231,0.2895608385804464,0.1318038686459739,10,1767691,Exploits,4
0.24426807760141095,0.2902000686314411,0.16779127305443098,10,1355103,Exploits,4
0.2257495590828924,0.2067355207190088,0.06264807317438897,10,1770715,Exploits,6
0.2385361552028219,0.22711107834946845,0.09977507872244712,10,1110130,Exploits,4
0.23941798941798936,0.2808810193743114,0.11309041835357626,10,1535352,Exploits,4
0.2993827160493827,0.2504744977913192,0.10715249662618084,10,1592204,Exploits,4
0.26763668430335097,0.2947026103888849,0.1225071225071225,10,1723770,Exploits,4
0.314373897707231,0.32860414821199135,0.19184285500074974,10,1669264,Exploits,4
0.20723104056437383,0.23174855187239085,0.09641625431099118,10,1200517,Exploits,4
0.2751322751322751,0.2797385620915032,0.15789473684210528,10,1615917,Exploits,4
0.228395061728395,0.23765950824774354,0.11926825611036139,10,43056,Exploits,4
0.2588183421516755,0.25575785869903517,0.12232718548508022,10,1526105,Exploits,4
0.30070546737213405,0.3491560726854845,0.17073024441445495,10,1128802,Exploits,4
0.44576719576719565,0.31500035911800617,0.22411156095366624,10,1794134,Exploits,1
0.23059964726631396,0.25020230314347963,0.1250262408157145,10,1694856,Exploits,4
0.2641093474426808,0.22910571636061833,0.1184285500074974,10,1319841,Exploits,4
0.281305114638448,0.32282314635255815,0.16599190283400808,10,1920596,Exploits,4
0.2791005291005291,0.2632989378087418,0.14685859949017843,10,1791893,Exploits,4
0.2667548500881834,0.264747380433655,0.13912130754236016,10,1768711,Exploits,3
0.24647266313932978,0.2460473078120137,0.12910481331533963,10,1618354,Exploits,4
0.17548500881834211,0.23594225214452252,0.09095816464237519,10,1494075,Exploits,4
0.31305114638447973,0.2860191369995292,0.19226270805218174,10,1528019,Exploits,4
0.31040564373897706,0.2929169958581723,0.16041385515069725,10,1835138,Exploits,4
0.2698412698412698,0.2882920809649395,0.14331983805668014,10,1604288,Exploits,4
0.2111992945326279,0.24278851141596236,0.12082771030139454,10,43230,Exploits,3
0.322310405643739,0.2845563296543689,0.15741490478332584,10,1304250,Exploits,4
0.2627865961199295,0.2844876982131885,0.12772529614634878,10,1762094,Exploits,4
0.2314814814814815,0.24967719281444772,0.11165092217723796,10,1278196,Exploits,4
0.5521164021164021,0.37598099068687296,0.21037636827110512,10,1048749,Exploits,1
0.18474426807760141,0.19566563467492262,0.07542360173939121,10,1904198,Exploits,4
0.2984126984126984,0.30930474754004167,0.16329284750337383,10,60546,Exploits,4
0.20634920634920634,0.22029774872912128,0.09173789173789175,10,1385946,Exploits,4
0.2733686067019401,0.2739651416122004,0.1353426300794722,10,1827025,Exploits,4
0.2804232804232804,0.2740661566770957,0.13528265107212475,10,1719345,Exploits,4
0.2689594356261023,0.28849346006208754,0.12496626180836706,10,1236827,Exploits,4
0.5931216931216932,0.38010605951782417,0.23682711051132105,10,1919706,Exploits,1
0.3522927689594357,0.32400943283296224,0.17001049632628581,10,1184623,Exploits,4
0.28350970017636684,0.253463892679579,0.19154295996401263,10,973048,Exploits,7
0.2632275132275132,0.28569752687399746,0.1629929524666367,10,1414629,Exploits,4
0.25044091710758376,0.26771329614466866,0.13582246213825158,10,1549453,Exploits,4
0.26587301587301587,0.282643427741467,0.14997750787224476,10,1340723,Exploits,4
0.3355379188712522,0.2784624961095549,0.19100314889788578,10,1280256,Exploits,4
0.4347442680776014,0.3296727237903709,0.1634727845254161,10,1260630,Exploits,4
0.21913580246913575,0.27542276169727153,0.10601289548657969,10,1951419,Exploits,4
0.28880070546737213,0.34131293543058255,0.2098365572049782,10,1467250,Exploits,4
0.23192239858906522,0.21965179834116882,0.0931174089068826,10,1646319,Exploits,3
0.23809523809523808,0.23714995969897928,0.12340680761733393,10,1429307,Exploits,3
0.3487654320987654,0.29129577757028735,0.14883790673264358,10,1441430,Exploits,1
0.22971781305114633,0.29693193516722927,0.14493927125506073,10,1515457,Exploits,4
0.30026455026455023,0.250938894076149,0.11243064927275453,10,1732019,Exploits,4
0.2763668430335097,0.2631185807656396,0.12424651372019795,10,1603301,Exploits,4
0.39462081128747784,0.34212095094448036,0.17444894286999552,10,1411195,Exploits,4
0.2804232804232804,0.2912957775702874,0.15243664717348926,10,1642270,Exploits,4
0.17989417989417988,0.20167493898144054,0.10697255960413858,10,1472922,Exploits,4
0.24470899470899468,0.2440853264382676,0.0878392562603089,10,995586,Exploits,4
0.24559082892416223,0.27100321610125533,0.17001049632628581,10,1390020,Exploits,4
0.2879188712522046,0.31890397184514835,0.1854251012145749,10,1547742,Exploits,4
0.2826278659611993,0.23614209816480194,0.08933873144399457,10,1838096,Exploits,4
0.3756613756613756,0.3076073164308459,0.15351626930574297,10,1704224,Exploits,4
0.2724867724867725,0.3525784672843496,0.1889638626480732,10,1495699,Exploits,4
0.345679012345679,0.3155657704677312,0.17127005548058183,10,1004305,Fuzzers,5
0.24294532627865958,0.2572674143881574,0.12046783625730997,10,1171242,Fuzzers,5
0.31084656084656087,0.2688596806243865,0.15177687809266757,10,1499743,Fuzzers,5
0.30511463844797176,0.2670182032927131,0.15321637426900583,10,1535112,Fuzzers,5
0.259700176366843,0.2631600788463534,0.14943769680611785,10,1937800,Fuzzers,5
0.17372134038800702,0.21151151718747174,0.10463337831758886,10,1064371,Fuzzers,5
0.2733686067019401,0.28173446016583276,0.15231668915879443,10,1177713,Fuzzers,5
0.2614638447971781,0.26550871060674985,0.12250712250712252,10,1267792,Fuzzers,5
0.23941798941798942,0.2628528334410688,0.14865796971060133,10,1795765,Fuzzers,5
0.2517636684303351,0.2712186869049614,0.18476533213375324,10,1268735,Fuzzers,5
0.2239858906525573,0.24474776265281942,0.12274703853651223,10,1010147,Fuzzers,5
0.2120811287477954,0.24270551525453482,0.1066726645674014,10,1481108,Fuzzers,5
0.2940917107583774,0.27665214233841684,0.14224021592442643,10,1852343,Fuzzers,5
0.2275132275132275,0.2304568611070159,0.11147098515519571,10,1050619,Fuzzers,5
0.2416225749559083,0.24131652661064426,0.10601289548657972,10,1073332,Fuzzers,5
0.32671957671957674,0.2929118085980831,0.11261058629479685,10,1761103,Fuzzers,5
0.2738095238095238,0.23494902834428116,0.1321637426900585,10,1148600,Fuzzers,5
0.45370370370370355,0.31727357609710555,0.1937621832358674,10,980937,Fuzzers,8
0.23059964726631393,0.22754288100005332,0.09215774478932373,10,1828041,Fuzzers,5
0.25573192239858905,0.24101566552546944,0.10385365122207227,10,1901624,Fuzzers,5
0.21604938271604937,0.20129654200861624,0.08903883640725747,10,1353040,Fuzzers,5
0.19841269841269837,0.22279800809212574,0.1010346378767431,10,1463596,Fuzzers,5
0.19400352733686066,0.2130093752900771,0.09785575048732943,10,1148577,Fuzzers,5
0.23412698412698416,0.21932773109243694,0.08741940320887691,10,1050525,Fuzzers,5
0.32671957671957674,0.29540049638088856,0.13732193732193732,10,1766305,Fuzzers,5
0.23148148148148145,0.2311947121028648,0.11375018743439799,10,1130670,Fuzzers,5
0.29797178130511465,0.2697686482000207,0.14487929224771331,10,1744800,Fuzzers,5
0.285273368606702,0.30872896167013814,0.19040335882441145,10,1331791,Fuzzers,5
0.49074074074074053,0.34728746199334437,0.209656620182936,10,1008333,Fuzzers,1
0.24294532627865958,0.25745928000829965,0.12076773129404705,10,1351932,Fuzzers,5
0.17901234567901234,0.2125556265391147,0.0925176188334083,10,1795899,Fuzzers,5
0.2275132275132275,0.2475879240585123,0.1204078572499625,10,1148785,Fuzzers,5
0.23897707231040563,0.22116402116402117,0.07086519718098666,10,979823,Fuzzers,5
0.24206349206349206,0.25117232078016394,0.1108711950817214,10,1531533,Fuzzers,5
0.2111992945326279,0.2183290470184175,0.08873894137052032,10,1449444,Fuzzers,5
0.24779541446208111,0.265819946212103,0.1620332883490778,10,1669817,Fuzzers,5
0.25485008818342153,0.25638404709612134,0.1315639526165842,10,1493757,Fuzzers,6
0.24779541446208111,0.24168454906329,0.13510271405008248,10,29850,Fuzzers,5
0.21428571428571427,0.24195336254159783,0.12892487629329738,10,1460835,Fuzzers,3
0.27910052910052907,0.2878929349517585,0.1795471584945269,10,1350973,Fuzzers,5
0.22442680776014107,0.2519568571168158,0.14577897735792472,10,65162,Fuzzers,5
0.2279541446208113,0.23981740844485944,0.09911530964162542,10,1741743,Fuzzers,5
0.2622574955908289,0.24689163414653617,0.14032088768930875,10,1004346,Fuzzers,5
0.18474426807760141,0.2157302297137178,0.11830859199280253,10,1374096,Fuzzers,5
0.21825396825396826,0.2249815715759988,0.13288349077822764,10,1818275,Fuzzers,5
0.2689594356261023,0.24999726986311088,0.16023391812865498,10,1169185,Fuzzers,5
0.21340388007054678,0.22624726303776868,0.09863547758284602,10,1896224,Fuzzers,5
0.3192239858906526,0.2502749247847287,0.16167341430499327,10,1354542,Fuzzers,5
0.2416225749559083,0.25581372149999604,0.08969860548807917,10,1533168,Fuzzers,5
0.2738095238095238,0.27711779868642616,0.1679112310691258,10,994531,Fuzzers,5
0.25793650793650796,0.22638240481377736,0.14817813765182186,10,1481668,Fuzzers,5
0.25396825396825395,0.24804320588634315,0.11728894886789624,10,1055969,Fuzzers,5
0.3377425044091711,0.30519404342933754,0.14829809566651675,10,1725937,Fuzzers,5
0.32275132275132273,0.26434796140678496,0.15681511470985154,10,1223071,Fuzzers,5
0.2376543209876543,0.23167341010478262,0.1336632178737442,10,1048611,Fuzzers,5
0.2244268077601411,0.27875178561453073,0.14547908232118756,10,1967549,Fuzzers,5
0.2376543209876543,0.23499697374826375,0.1085919928025191,10,1550758,Fuzzers,3
0.16446208112874774,0.21102019755270526,0.06834607887239467,10,1634420,Fuzzers,5
0.25925925925925924,0.2682241047566125,0.1442195231668916,10,1032534,Fuzzers,5
0.2213403880070547,0.21510509136928124,0.11698905383115908,10,1577721,Fuzzers,5
0.24250440917107585,0.25228485156245734,0.10943169890538314,10,1710700,Fuzzers,5
0.26499118165784835,0.21557706903424137,0.09953516269305743,10,1582963,Fuzzers,5
0.4259259259259259,0.27918232820193606,0.15123706702654072,10,1041087,Fuzzers,5
0.25925925925925924,0.28293397730962233,0.1450592292697556,10,1198751,Fuzzers,5
0.21428571428571427,0.23982778296503784,0.10571300044984255,10,1378383,Fuzzers,5
0.3487654320987654,0.32723072134836845,0.16899085320137955,10,1403901,Fuzzers,5
0.21737213403880065,0.20271539414986262,0.10997150997150998,10,1055341,Fuzzers,5
0.2433862433862434,0.2509493315994864,0.14613885140200927,10,1407063,Fuzzers,5
0.23941798941798936,0.22066822830496713,0.09887539361223574,10,1062439,Fuzzers,5
0.21428571428571427,0.23007573399730263,0.156455240665767,10,1427337,Fuzzers,5
0.21340388007054673,0.2351177508040253,0.11135102714050081,10,61421,Fuzzers,5
0.277336860670194,0.26818653387280833,0.12820512820512822,10,1537606,Fuzzers,5
0.2222222222222222,0.24008714596949893,0.09209776578197632,10,1495742,Fuzzers,5
0.3174603174603174,0.29735848755456595,0.20101964312490628,10,994450,Fuzzers,5
0.2839506172839506,0.269986513123768,0.15123706702654072,10,1905188,Fuzzers,5
0.23721340388007053,0.2281875713248262,0.11189083820662768,10,1656615,Fuzzers,6
0.31746031746031744,0.2663438594811144,0.1366021892337682,10,1976030,Fuzzers,8
0.2054673721340388,0.21306124789096922,0.1038536512220723,10,1541621,Fuzzers,5
0.20414462081128745,0.2323553982996707,0.11488978857399908,10,1587338,Fuzzers,5
0.2222222222222222,0.2561466301920378,0.12304693357324936,10,1202581,Fuzzers,5
0.19576719576719576,0.22867916397328159,0.12454640875693508,10,1797361,Fuzzers,5
0.2239858906525573,0.2576369069145127,0.1144099565152197,10,1130362,Fuzzers,5
0.2667548500881834,0.24142545907251786,0.1085320137951717,10,1531842,Fuzzers,5
0.26410934744268083,0.2535895839817408,0.1368421052631579,10,1783120,Fuzzers,5
0.21649029982363313,0.2673709369787801,0.11015144699355223,10,1918092,Fuzzers,5
0.27601410934744275,0.2868917937545389,0.15669515669515668,10,1898522,Fuzzers,5
0.21340388007054673,0.24733374831414048,0.09125805967911231,10,1901120,Fuzzers,5
0.24514991181657847,0.23734680256868076,0.10895186684660368,10,28609,Fuzzers,5
0.26940035273368607,0.28305840854860465,0.13714200029989507,10,1552679,Fuzzers,5
0.25881834215167543,0.24607211005559818,0.12622582096266308,10,61552,Fuzzers,5
0.21428571428571427,0.24591403512972143,0.10541310541310542,10,1382841,Fuzzers,5
0.2936507936507936,0.3098948981301923,0.19712100764732346,10,1699831,Fuzzers,5
0.2711640211640211,0.3177755432657393,0.195381616434248,10,1670177,Fuzzers,5
0.2526455026455026,0.2814607324411246,0.1647323436797121,10,1425015,Fuzzers,5
0.21825396825396826,0.21456954351691193,0.046333783175888446,10,1165952,Fuzzers,5
0.2649911816578483,0.2712797369660115,0.11836857100014996,10,60287,Fuzzers,5
0.2464726631393298,0.2665538070078834,0.14829809566651672,10,27135,Fuzzers,5
0.30114638447971775,0.2582996161427534,0.13042435147698306,10,1672583,Fuzzers,5
0.27292768959435626,0.2677974893661168,0.13618233618233622,10,1535410,Fuzzers,5
0.26763668430335097,0.2589312648136177,0.1412805518068676,10,1163194,Fuzzers,5
0.23589065255731922,0.27403536913340837,0.13336332283700705,10,1786394,Generic,6
0.18959435626102292,0.2185804926259003,0.08238116659169291,10,1833477,Generic,6
0.22663139329805995,0.21346066691783933,0.10691258059679114,10,56059,Generic,6
0.322310405643739,0.30888856967288336,0.15891437996701155,10,990517,Generic,6
0.22839506172839505,0.3128049510402452,0.19208277103013943,10,1655343,Generic,6
0.24735449735449733,0.24820002074904038,0.12976458239616132,10,1041063,Generic,6
0.27028218694885364,0.309936396210906,0.13702204228520015,10,1639858,Generic,6
0.20811287477954146,0.22949203073042077,0.08400059979007347,10,1450893,Generic,6
0.1957671957671957,0.2474726072765288,0.12286699655120709,10,1185595,Generic,6
0.21649029982363313,0.25337171905799355,0.13138401559454194,10,1206487,Generic,6
0.22751322751322753,0.24515635913984732,0.12244714349977506,10,1007701,Generic,6
0.24911816578483242,0.2577393920531175,0.12238716449242763,10,1727775,Generic,6
0.5330687830687832,0.35160493101669577,0.19928025191183082,10,1781665,Generic,0
0.21119929453262784,0.25814645546327686,0.09563652721547457,10,1692963,Generic,6
0.21957671957671954,0.2245381973452149,0.12424651372019796,10,1859121,Generic,6
0.232363315696649,0.23233317918560437,0.12580596791123105,10,1012234,Generic,6
0.20502645502645503,0.19212819630776284,0.06954565901934323,10,1313792,Generic,6
0.24559082892416229,0.23618878350560502,0.0867596341280552,10,1309489,Generic,6
0.22663139329805998,0.23314386183323232,0.07488379067326435,10,1205409,Generic,3
0.2535273368606702,0.2569366268024678,0.13258359574149048,10,980216,Generic,6
0.20723104056437383,0.22658689206676821,0.10193432298695454,10,1659520,Generic,6
0.28086419753086417,0.2700579377049966,0.15537561853351325,10,1724735,Generic,6
0.2296296296296296,0.25870422242971264,0.11423001949317736,10,1053299,Generic,6
0.24118165784832452,0.25340802987861816,0.15963412805518068,10,1038274,Generic,6
0.541005291005291,0.3403768344944816,0.20281901334532912,10,1877215,Generic,0
0.3073192239858906,0.28188888090848874,0.1680911680911681,10,1735423,Generic,6
0.41269841269841256,0.3384028825205295,0.19370220422852,10,1877154,Generic,0
0.27019400352733686,0.28186414166806323,0.16653171390013496,10,1057943,Generic,6
0.22530864197530864,0.255023724889566,0.13048433048433047,10,1004892,Generic,6
0.277336860670194,0.26081543728602546,0.15033738191632928,10,1060185,Generic,6
0.31525573192239853,0.29194937234152923,0.1532163742690059,10,1610138,Generic,6
0.24162257495590825,0.28280668992743296,0.14367971210076472,10,1002238,Generic,6
0.2768959435626102,0.31517153870095044,0.13606237816764136,10,1041775,Generic,6
0.283068783068783,0.26788966298770217,0.14158044684360474,10,1501150,Generic,6
0.3214285714285714,0.289704884802924,0.13792172739541161,10,1056025,Generic,6
0.3447971781305115,0.3181478289321426,0.18128654970760233,10,1931378,Generic,4
0.22530864197530864,0.240626348005089,0.12052781526465738,10,1931319,Generic,6
0.29629629629629634,0.2524560311454016,0.12580596791123105,10,1131975,Generic,6
0.23941798941798942,0.23426311295248342,0.13954116059379218,10,1007782,Generic,6
0.2641093474426808,0.25103226475775486,0.13846153846153847,10,1667269,Generic,6
0.2398589065255732,0.24387630295783028,0.1460188933873144,10,1002677,Generic,6
0.22310405643738976,0.23677767403257605,0.06996551207077524,10,1379809,Generic,4
0.22927689594356263,0.2813621744994294,0.15465587044534412,10,1060030,Generic,6
0.4783068783068781,0.32156503627091865,0.21145599040335877,10,1065155,Generic,8
0.21516754850088182,0.19594820384294068,0.07590343379817066,10,1114370,Generic,3
0.24779541446208111,0.2585278555866791,0.12196731144099565,10,1012654,Generic,6
0.21516754850088182,0.20824228326808303,0.09929524666366771,10,1745123,Generic,6
0.47354497354497355,0.4370573870573869,0.258659469185785,10,1975467,Generic,1
0.2275132275132275,0.2418987598038165,0.13114409956515222,10,1007789,Generic,6
0.20105820105820105,0.2404719902655919,0.09617633828160144,10,1854085,Generic,6
0.22883597883597878,0.22506484075111524,0.10463337831758884,10,20572,Generic,4
0.2292768959435626,0.274625183706711,0.09803568750937172,10,1249552,Generic,6
0.5576719576719575,0.3625559625559625,0.19640125955915427,10,1712902,Generic,0
0.21649029982363316,0.27744033285828945,0.12430649272754536,10,1235210,Generic,6
0.22001763668430335,0.21297825172954174,0.08310091467986205,10,1487951,Generic,6
0.28527336860670194,0.26824239667376915,0.08843904633378319,10,1282235,Generic,6
0.2332451499118166,0.22430204050431088,0.07500374868795923,10,1836181,Generic,6
0.2892416225749559,0.247064010789501,0.11908831908831909,10,1058599,Generic,6
0.2314814814814815,0.2460006224712107,0.11548957864747336,10,1243845,Generic,6
0.5931216931216932,0.5082917082917082,0.31797870745239165,10,43403,Generic,7
0.6264550264550265,0.3971102971102971,0.23766681661418507,10,1434552,Generic,1
0.24691358024691357,0.2512837103652377,0.10601289548657969,10,1421315,Generic,6
0.294973544973545,0.2689594986292613,0.13342330184435447,10,1077043,Generic,6
0.5148148148148148,0.3477231918408389,0.1807467386414755,10,1444590,Generic,0
0.2830687830687831,0.26941591451395375,0.12226720647773281,10,1129331,Generic,8
0.4603174603174601,0.29559481912423086,0.16665167191482982,10,1811295,Generic,1
0.2773368606701939,0.27960129920914234,0.11566951566951568,10,1108136,Generic,6
0.2138447971781305,0.23404524802873616,0.11578947368421053,10,1238554,Generic,6
0.2754850088183422,0.2567785518765911,0.1232868496026391,10,1017872,Generic,6
0.3298059964726632,0.2506899055918664,0.1363622732043785,10,1017080,Generic,6
0.25881834215167543,0.28503994190268706,0.1521967311440996,10,1000364,Generic,6
0.2557319223985891,0.23982778296503784,0.09623631728894888,10,1348205,Generic,6
0.30246913580246915,0.2736786452472727,0.1247263457789774,10,1718502,Generic,6
0.27910052910052907,0.2679167963481689,0.11962813015444596,10,1011414,Generic,6
0.21208112874779544,0.22277851911494845,0.07104513420302895,10,1211416,Generic,6
0.4571428571428571,0.3329430917666212,0.21013645224171545,10,1145289,Generic,0
0.21825396825396826,0.24353640091514184,0.11458989353726198,10,1518194,Generic,6
0.23897707231040563,0.25166364041493045,0.1418203628729945,10,1031977,Generic,4
0.19003527336860668,0.22025079037462936,0.10277402908981857,10,1059682,Generic,6
0.24118165784832452,0.2759754044067769,0.15477582846003896,10,1937115,Generic,6
0.19885361552028216,0.25764083411142236,0.11458989353726198,10,1502637,Generic,6
0.20105820105820105,0.21511567589998962,0.08729944519418202,10,1478612,Generic,6
0.30246913580246915,0.27683888370162885,0.20197930724246516,10,1589160,Generic,7
0.3011463844797178,0.28381062426470066,0.1565152196731144,10,1107456,Generic,6
0.23148148148148145,0.25814798854014537,0.13204378467536365,10,1039498,Generic,6
0.20414462081128748,0.23264741794153557,0.07704303493777179,10,30228,Generic,6
0.2680776014109347,0.29744547391606213,0.16443244864297493,10,1039061,Generic,6
0.2707231040564374,0.2577757028737421,0.12148747938221625,10,1010974,Generic,6
0.23368606701940034,0.22452143850492662,0.10715249662618084,10,1446033,Generic,6
0.22134038800705463,0.22777259051768858,0.12004798320587796,10,1946783,Generic,6
0.25970017636684306,0.23217384419654805,0.08196131354026091,10,976258,Generic,6
0.2896825396825397,0.2796425242761672,0.18188633978107663,10,1060470,Generic,6
0.42989417989417983,0.30524312289018174,0.1800869695606538,10,1680676,Generic,1
0.23765432098765432,0.2571947297437494,0.1360023991602939,10,1488193,Generic,6
0.2486772486772487,0.28594657836143905,0.15117708801919327,10,1008538,Generic,6
0.2649911816578483,0.23434211891384235,0.13546258809416706,10,1055090,Generic,6
0.2654320987654321,0.2388809714919106,0.12196731144099567,10,1659007,Generic,6
0.2081128747795414,0.2136602399244298,0.07944219523166891,10,1488122,Generic,6
0.22266313932980597,0.21410934744268076,0.08693957115009746,10,1313838,Generic,6
0.1979717813051146,0.2415069851602359,0.12088768930874194,10,997248,Generic,6
0.3857142857142856,0.2780826290630213,0.15801469485680014,10,1698295,Reconnaissance,7
0.6317460317460318,0.3614163614163614,0.23682711051132105,10,1971205,Reconnaissance,7
0.6740740740740742,0.3284900284900285,0.1930424351476983,10,1906012,Reconnaissance,7
0.45370370370370355,0.3017692547104312,0.20335882441145606,10,1538156,Reconnaissance,7
0.43386243386243384,0.353761162584692,0.21487479382216224,10,1009520,Reconnaissance,9
0.41084656084656085,0.28138691373985486,0.2089368720947668,10,1064928,Reconnaissance,7
0.5185185185185185,0.33574301515477983,0.21463487779277252,10,1848598,Reconnaissance,7
0.6317460317460318,0.3714082214082214,0.2344279502174239,10,1917532,Reconnaissance,7
0.5185185185185184,0.36365486365486366,0.22549107812265715,10,1580943,Reconnaissance,7
0.5568783068783068,0.37441403911992144,0.2522417153996101,10,1358836,Reconnaissance,7
0.46560846560846547,0.2875002992650051,0.18650472334682863,10,1183173,Reconnaissance,7
0.4783068783068782,0.29006799300916947,0.21919328235117708,10,1267604,Reconnaissance,7
0.6243386243386243,0.3408628408628409,0.24480431848852896,10,1380557,Reconnaissance,7
0.44973544973544954,0.29484426249132134,0.18698455540560804,10,1732218,Reconnaissance,7
0.5343915343915344,0.37338217338217333,0.26129854550907183,10,1729193,Reconnaissance,7
0.5034391534391535,0.35374440374440375,0.2200329884540411,10,1260296,Reconnaissance,7
0.598941798941799,0.3579161579161579,0.22717049032838507,10,1592540,Reconnaissance,7
0.5981481481481482,0.358058608058608,0.24090568301094614,10,1899432,Reconnaissance,7
0.4259259259259259,0.29995211759917645,0.19082321187584345,10,1524875,Reconnaissance,7
0.4259259259259258,0.2922191098661687,0.19454191033138407,10,1502737,Reconnaissance,7
0.42328042328042326,0.2961797824542923,0.16905083220872696,10,1832170,Reconnaissance,7
0.5550264550264551,0.36904163374751603,0.2402459139301244,10,1451451,Reconnaissance,7
0.42989417989417983,0.3050108932461874,0.18482531114110062,10,1457411,Reconnaissance,7
0.3478835978835979,0.27853272363076287,0.17109011845853953,10,1179262,Reconnaissance,7
0.3884479717813051,0.2829183525261957,0.1586144849302744,10,1649062,Reconnaissance,7
0.46560846560846547,0.3037491919844862,0.18014694856800118,10,1868897,Reconnaissance,7
0.2610229276895944,0.28597245165872615,0.14871794871794877,10,1945039,Reconnaissance,4
0.35449735449735453,0.28762838468720825,0.1545958914379967,10,1409046,Reconnaissance,7
0.4444444444444443,0.30323445617563266,0.1660518818413555,10,1524528,Reconnaissance,7
0.46560846560846547,0.29173669467787117,0.2003598740440846,10,1799840,Reconnaissance,7
0.6814814814814815,0.4565416065416065,0.29632628579997,10,994104,Reconnaissance,7
0.5907407407407407,0.39157509157509146,0.23130904183535758,10,1372627,Reconnaissance,7
0.42460317460317454,0.2725166989872872,0.1823061928325086,10,1939880,Reconnaissance,7
0.5841269841269839,0.3505374799492446,0.23340830709251764,10,1635669,Reconnaissance,7
0.6317460317460317,0.35356125356125356,0.22339181286549703,10,1412976,Reconnaissance,7
0.3721340388007054,0.2935019591882337,0.18422552106762632,10,1517400,Reconnaissance,7
0.23368606701940034,0.24653890046046906,0.1299445194182036,10,1014651,Reconnaissance,3
0.44973544973544954,0.30723503076444253,0.20473834158044685,10,1067671,Reconnaissance,7
0.42195767195767175,0.31269482151835093,0.17354925775978408,10,1640445,Reconnaissance,7
0.6740740740740742,0.3545584045584046,0.23832658569500675,10,998917,Reconnaissance,7
0.17151675485008816,0.23484282601929657,0.14895786474733846,10,1792043,Reconnaissance,7
0.5798941798941798,0.3727453374512197,0.2483430799220273,10,1505997,Reconnaissance,7
0.5484126984126982,0.37353898824487053,0.2338281601439496,10,1140057,Reconnaissance,7
0.6264550264550265,0.34865689865689864,0.19970010496326288,10,1640880,Reconnaissance,7
0.6465608465608464,0.35942205942205946,0.2455840455840456,10,1131924,Reconnaissance,7
0.46031746031746024,0.3199310493428141,0.19778077672814512,10,1449685,Reconnaissance,7
0.6243386243386244,0.32620484091072327,0.241445494077073,10,1343503,Reconnaissance,7
0.4285714285714285,0.3146101175512941,0.20071974808816917,10,1347747,Reconnaissance,7
0.4259259259259258,0.2897423926835691,0.2144549407707302,10,1242397,Reconnaissance,8
0.1970899470899471,0.24449631704533661,0.09119808067176487,10,1238760,Reconnaissance,4
0.5841269841269843,0.3314491608609256,0.24612385665017245,10,1697807,Reconnaissance,7
0.41005291005291,0.2778867102396514,0.17007047533363323,10,1473495,Reconnaissance,7
0.5462962962962963,0.38099308099308093,0.26471734892787524,10,1802936,Reconnaissance,7
0.4616402116402115,0.29651296416002304,0.21283550757234965,10,1940276,Reconnaissance,7
0.582010582010582,0.3438339438339439,0.21211575948418057,10,1069745,Reconnaissance,7
0.41931216931216936,0.32106546322232593,0.18650472334682863,10,1877195,Reconnaissance,0
0.45714285714285696,0.31546840958605665,0.19502174239016346,10,1154211,Reconnaissance,7
0.4074074074074072,0.2935251023486318,0.22813015444594395,10,1255012,Reconnaissance,7
0.6092592592592593,0.43909238909238907,0.26069875543559756,10,1769891,Reconnaissance,7
0.25573192239858905,0.2787270463741051,0.18116659169290747,10,1680702,Reconnaissance,7
0.3544973544973545,0.2779764897411956,0.14367971210076477,10,1880146,Reconnaissance,7
0.49999999999999994,0.4045380545380544,0.25727995201679416,10,1896626,Reconnaissance,7
0.23059964726631396,0.22278490343505822,0.15363622732043786,10,1765001,Reconnaissance,7
0.5716931216931217,0.4448514448514448,0.26663667716299294,10,1363366,Reconnaissance,7
0.5854497354497356,0.3585063085063085,0.24030589293747187,10,1248243,Reconnaissance,7
0.46560846560846547,0.31591850415379824,0.1733093417303944,10,1053563,Reconnaissance,7
0.5947089947089946,0.35673585673585667,0.22255210676263307,10,1466018,Reconnaissance,7
0.6264550264550265,0.33404558404558404,0.25128205128205133,10,1955989,Reconnaissance,7
0.5886243386243385,0.33715913715913715,0.22051282051282056,10,1707943,Reconnaissance,7
0.4166666666666665,0.29733893557422975,0.19172289698605485,10,1071927,Reconnaissance,7
0.29805996472663143,0.2801483556385517,0.1805668016194332,10,1699853,Reconnaissance,7
0.3849206349206349,0.3192942134118605,0.20803718698455542,10,1146358,Reconnaissance,1
0.2345679012345679,0.2922115284860383,0.14284000599790073,10,1496773,Reconnaissance,4
0.2385361552028219,0.24033340431689246,0.13198380566801618,10,1196026,Reconnaissance,4
0.4708994708994708,0.2984581866934808,0.20563802669065828,10,1360093,Reconnaissance,7
0.2535273368606702,0.2439684765794157,0.12640575798470535,10,57304,Reconnaissance,7
0.30423280423280424,0.25483332934313324,0.13198380566801618,10,1160030,Reconnaissance,7
0.4603174603174602,0.2932461873638344,0.21079622132253714,10,1039842,Reconnaissance,7
0.5444444444444444,0.3678358678358678,0.2280701754385965,10,1973887,Reconnaissance,7
0.5367724867724869,0.43817065287653517,0.29230769230769227,10,1862269,Reconnaissance,7
0.5357142857142857,0.3054298642533937,0.1923226870595292,10,1436492,Reconnaissance,7
0.4285714285714285,0.30933347698053587,0.17414904783325832,10,1316659,Reconnaissance,7
0.2213403880070547,0.20347672432295758,0.07554355975408607,10,1351172,Reconnaissance,5
0.41798941798941786,0.29993535875888816,0.1934622881991303,10,1741013,Reconnaissance,7
0.5484126984126985,0.3315568962627786,0.22950967161493482,10,1808366,Reconnaissance,7
0.3165784832451499,0.3117790706026,0.17738791423001948,10,1411111,Reconnaissance,7
0.5502645502645501,0.3388685388685389,0.20335882441145603,10,50120,Reconnaissance,7
0.5563492063492064,0.353901218607101,0.21853351327035536,10,1091973,Reconnaissance,7
0.2874779541446208,0.2714362158118608,0.1366621682411156,10,1001870,Reconnaissance,4
0.5404761904761904,0.32970145323086497,0.2151746888588994,10,1268253,Reconnaissance,7
0.43783068783068774,0.31574373339079226,0.2006597690808217,10,1769372,Reconnaissance,7
0.4431216931216931,0.3718726806962101,0.22825011246063878,10,1144511,Reconnaissance,1
0.5780423280423281,0.3558811558811559,0.21757384915279654,10,1424643,Reconnaissance,7
0.5727513227513229,0.34985754985754985,0.2374868795921428,10,1591775,Reconnaissance,7
0.6317460317460317,0.3404761904761905,0.24144549407707305,10,1869299,Reconnaissance,7
0.39947089947089937,0.3198556345615169,0.18278602489128803,10,1420798,Reconnaissance,7
0.46772486772486754,0.3044494720965309,0.20575798470535314,10,1853074,Reconnaissance,7
0.4708994708994708,0.31118532883238764,0.1938821412505623,10,1859462,Reconnaissance,7
0.5854497354497356,0.36289592760181,0.23352826510721247,10,1552572,Reconnaissance,7
0.5833333333333333,0.3547415547415547,0.24684360473834158,10,1226053,Reconnaissance,7
0.2976190476190476,0.26139641041601824,0.1494976758134653,10,1733959,Shellcode,8
0.43518518518518506,0.3375948670066317,0.20161943319838058,10,1603572,Shellcode,8
0.46560846560846547,0.31650865474394885,0.2042585095216674,10,1019006,Shellcode,8
0.3055555555555556,0.26959746861707645,0.1328235117708802,10,1241937,Shellcode,8
0.29188712522045857,0.2661479406577446,0.15471584945269154,10,1838825,Shellcode,8
0.31746031746031744,0.2558967176614236,0.1856650172439646,10,1926306,Shellcode,8
0.24250440917107588,0.22386658367050524,0.08789923526765633,10,1578161,Shellcode,8
0.31878306878306883,0.30857733406753013,0.1943619733093418,10,1895274,Shellcode,8
0.37037037037037046,0.270140933866424,0.1682711051132104,10,1915879,Shellcode,8
0.48148148148148145,0.31763149704326177,0.1725296146348778,10,1561587,Shellcode,8
0.476190476190476,0.2875816993464052,0.18998350577297948,10,1768431,Shellcode,8
0.42671957671957655,0.2946000622471211,0.1587944219523167,10,1775238,Shellcode,8
0.332010582010582,0.27434141747867236,0.18020692757534862,10,72046,Shellcode,8
0.33465608465608465,0.270021626884372,0.1710301394511921,10,1466470,Shellcode,8
0.45502645502645483,0.32550336373865785,0.20323886639676106,10,1650389,Shellcode,8
0.47619047619047616,0.323744882568412,0.2346078872394661,10,1946653,Shellcode,8
0.35052910052910047,0.27717765168745556,0.19766081871345026,10,1305230,Shellcode,8
0.3293650793650794,0.27183836497561986,0.15723496776128354,10,1500724,Shellcode,8
0.3068783068783069,0.25748401924872516,0.1611336032388664,10,1331263,Shellcode,8
0.5047619047619049,0.3237772031889679,0.20761733393312348,10,1975277,Shellcode,8
0.4259259259259259,0.29674120360394873,0.17031039136302292,10,1780062,Shellcode,8
0.3478835978835979,0.27776620619757875,0.1782276203328835,10,1510232,Shellcode,8
0.2976190476190476,0.2506420231910428,0.12616584195531563,10,1083385,Shellcode,8
0.47619047619047605,0.30370250664368315,0.20839706102863995,10,1935743,Shellcode,8
0.4187830687830687,0.3280100074217721,0.19298245614035087,10,1801992,Shellcode,8
0.27028218694885364,0.25870940968980183,0.13522267206477734,10,1181215,Shellcode,8
0.3373015873015873,0.26897260328632877,0.16029389713600242,10,1659391,Shellcode,8
0.48359788359788347,0.31353755177284587,0.21481481481481476,10,1051271,Shellcode,8
0.3280423280423281,0.2755668079197492,0.1594541910331384,10,1482471,Shellcode,8
0.3465608465608465,0.26522740150191126,0.14176038386564702,10,1460171,Shellcode,8
0.4246031746031745,0.3023797553209318,0.20125955915429602,10,1577520,Shellcode,8
0.3187830687830688,0.26681190994916487,0.16695156695156696,10,1973029,Shellcode,8
0.31957671957671957,0.28858164348360427,0.16797121007647323,10,49460,Shellcode,8
0.4867724867724865,0.30315664727429437,0.20821712400659773,10,1543429,Shellcode,8
0.3227513227513228,0.2720199190787426,0.18356575198680464,10,1033886,Shellcode,8
0.3367724867724868,0.3177966913261031,0.20245913930124454,10,1533391,Shellcode,8
0.31084656084656087,0.2787270463741052,0.16257309941520467,10,1522523,Shellcode,8
0.33333333333333337,0.2945924808669907,0.1571150097465887,10,1752472,Shellcode,8
0.38359788359788355,0.29685133312584294,0.18818413555255664,10,1342434,Shellcode,8
0.34523809523809523,0.3207661982171786,0.19928025191183088,10,1439384,Shellcode,8
0.32142857142857145,0.24561038090449855,0.16059379217273956,10,1261880,Shellcode,8
0.3201058201058201,0.26230577701165936,0.12460638776428254,10,1865461,Shellcode,8
0.27733686067019403,0.27009025832555245,0.14457939721097615,10,1052485,Shellcode,8
0.49947089947089934,0.32289018171371114,0.23730694257010046,10,1461496,Shellcode,8
0.3227513227513228,0.26664472056628924,0.19334233018443545,10,1631812,Shellcode,8
0.2976190476190476,0.26761593526299415,0.15087719298245614,10,1521418,Shellcode,8
0.33201058201058203,0.2715933666914059,0.1663517768780927,10,1959362,Shellcode,8
0.35978835978835977,0.27184873949579835,0.15699505173189388,10,1733532,Shellcode,8
0.31084656084656087,0.2405695611577964,0.14937771779877043,10,1308393,Shellcode,8
0.49735449735449727,0.3103629485982427,0.2,10,1395109,Shellcode,8
0.3769841269841269,0.29041553943514725,0.1754086069875544,10,37487,Shellcode,8
0.34656084656084657,0.31777035600565007,0.19484180536812115,10,1959668,Shellcode,8
0.3082010582010582,0.2381937960369333,0.1262857999700105,10,1863140,Shellcode,8
0.4603174603174602,0.3138487873781991,0.18650472334682863,10,1509488,Shellcode,8
0.4994708994708992,0.32674830616007083,0.20239916029389715,10,1219919,Shellcode,8
0.3659611992945325,0.2850295673825086,0.18674463937621835,10,1493876,Shellcode,8
0.44973544973544965,0.3234803323038617,0.2214125056230319,10,1781307,Shellcode,8
0.44444444444444436,0.3328964064258182,0.1992202729044834,10,1642028,Shellcode,8
0.4867724867724865,0.31451794392970867,0.18146648672964463,10,1800182,Shellcode,8
0.3108465608465609,0.2724025792653243,0.19136302294197036,10,1025636,Shellcode,8
0.2641093474426807,0.2669248326111071,0.13480281901334532,10,1877511,Shellcode,8
0.3214285714285714,0.28223243713439794,0.14943769680611785,10,1324350,Shellcode,8
0.34735449735449736,0.28854413560295916,0.18716449242765035,10,1464238,Shellcode,8
0.32671957671957674,0.25249387504289467,0.16269305742989953,10,1722010,Shellcode,8
0.2032627865961199,0.22711872273275777,0.1066726645674014,10,1137510,Shellcode,5
0.28968253968253965,0.2391119410727254,0.14547908232118759,10,1535690,Shellcode,8
0.6306878306878306,0.4466422466422466,0.27905233168391064,10,1229441,Shellcode,8
0.3108465608465609,0.2453003423591659,0.14607887239466186,10,1591087,Shellcode,8
0.3029100529100529,0.27169591483316974,0.17324936272304692,10,1606122,Shellcode,8
0.5007936507936509,0.33365534247887185,0.1856050382366172,10,1052913,Shellcode,1
0.34259259259259256,0.2765926883573942,0.13906132853501277,10,1906684,Shellcode,8
0.4206349206349206,0.3023705778607739,0.17702804018593493,10,1071970,Shellcode,8
0.46507936507936487,0.31792477674830616,0.18692457639826066,10,1351199,Shellcode,8
0.3743386243386243,0.2961330971134893,0.1765482081271555,10,1852461,Shellcode,8
0.3055555555555556,0.28397655358439666,0.15765482081271556,10,1752377,Shellcode,8
0.294973544973545,0.26453869297006555,0.16281301544459437,10,1126958,Shellcode,8
0.2976190476190476,0.25416018259155515,0.15159694107062532,10,1115908,Shellcode,8
0.5047619047619045,0.3237772031889679,0.2049182786024891,10,1407367,Shellcode,8
0.28174603174603174,0.24877061935885464,0.15423601739391216,10,1928277,Shellcode,8
0.4232804232804232,0.2812444635974048,0.16539211276053384,10,1909492,Shellcode,8
0.3478835978835979,0.29598905089101174,0.1660518818413555,10,1533085,Shellcode,8
0.2892416225749559,0.2547591746250157,0.11860848702953966,10,1165079,Shellcode,6
0.3478835978835979,0.26643723016272036,0.18362573099415205,10,1765831,Shellcode,8
0.4465608465608465,0.2967164643635232,0.17924726345778974,10,1686950,Shellcode,8
0.23544973544973544,0.2251658558160106,0.10223421802369172,10,1597962,Shellcode,6
0.3183421516754851,0.29957743781273194,0.205038236617184,10,1742394,Shellcode,8
0.2989417989417989,0.2489521734619774,0.15759484180536812,10,1956650,Shellcode,8
0.33201058201058203,0.27781289153838173,0.19526165841955315,10,1079600,Shellcode,8
0.33465608465608465,0.27635287733326946,0.19460188933873143,10,1034877,Shellcode,8
0.36904761904761896,0.31038768783866827,0.21241565452091773,10,1717767,Shellcode,8
0.39153439153439157,0.31798423072932874,0.22675063727695305,10,1167177,Shellcode,8
0.3888888888888888,0.3241806124159065,0.19682111261058632,10,1641286,Shellcode,8
0.3253968253968254,0.24378566241311336,0.14140050982156246,10,1653995,Shellcode,8
0.2936507936507936,0.2636672332750764,0.15999400209926526,10,1275559,Shellcode,8
0.49206349206349204,0.34769446240034474,0.21703403808666974,10,1145808,Shellcode,8
0.33333333333333337,0.24088079676314975,0.15453591243064932,10,1971892,Shellcode,8
0.285273368606702,0.2402635128125324,0.12508621982306195,10,1234607,Shellcode,8
0.32275132275132273,0.285205934225542,0.1763082920977658,10,1812073,Shellcode,8
0.4867724867724867,0.3136919725155019,0.18764432448642973,10,1676381,Shellcode,8
0.2976190476190476,0.2615600086188321,0.13408307092517618,10,1373879,Shellcode,8
0.39021164021164007,0.3591922238981063,0.24924276503223877,10,1044387,Worms,9
0.35008818342151676,0.33200699083052027,0.1959814065077223,10,1776045,Worms,9
0.5576719576719575,0.3546194546194546,0.24444444444444444,10,1048789,Worms,9
0.2821869488536155,0.26037744887074094,0.1557954715849453,10,1362439,Worms,4
0.5227513227513227,0.3204948646125117,0.22075273654221023,10,1145206,Worms,9
0.3783068783068782,0.2959100449296527,0.1699505173189384,10,1342709,Worms,9
0.45370370370370355,0.32189303071656017,0.20731743889638624,10,1213172,Worms,9
0.36640211640211645,0.2994010709696984,0.16785125206177837,10,1774381,Worms,9
0.4603174603174601,0.31573295985060684,0.20005997900734743,10,1949772,Worms,9
0.4285714285714284,0.35973568914745385,0.2325086219823062,10,1127556,Worms,9
0.579100529100529,0.45,0.29638626480731745,10,1724721,Worms,9
0.7156084656084656,0.40050875050875034,0.27971210076473235,10,1904842,Worms,9
0.6277777777777777,0.43084464555052787,0.30250412355675516,10,1377858,Worms,0
0.5037037037037038,0.3647944647944647,0.22141250562303197,10,1906418,Worms,9
0.22310405643738976,0.251947679656658,0.11153096416254311,10,1313152,Worms,6
0.3941798941798941,0.3066372987941616,0.20755735492577593,10,1410778,Worms,9
0.47619047619047616,0.3181139122315593,0.19562153246363778,10,1041957,Worms,9
0.35582010582010576,0.3050575785869904,0.19724096566201835,10,1259108,Worms,9
0.4417989417989417,0.3641719935837583,0.21583445793972114,10,1430270,Worms,9
0.44576719576719565,0.3147525676937442,0.19706102863997602,10,1853130,Worms,9
0.4193121693121692,0.29814695108812755,0.19652121757384916,10,996702,Worms,9
0.33994708994708994,0.2840571556257831,0.16485230169440698,10,1638436,Worms,9
0.38756613756613745,0.31292545508231784,0.20605787974209022,10,1189420,Worms,9
0.4616402116402116,0.35782278723455196,0.22015294646873593,10,1780608,Worms,9
0.9333333333333333,0.4711436711436711,0.3389113810166442,10,1250248,Worms,9
0.7746031746031744,0.40069190069190064,0.29134802819013345,10,42842,Worms,9
0.7259259259259258,0.4546194546194544,0.3290148448043185,10,1556064,Worms,9
0.3743386243386243,0.28182783084743873,0.20419853051431996,10,1649686,Worms,9
0.476190476190476,0.32522205463381937,0.23124906282801022,10,1059089,Worms,9
0.4047619047619047,0.34667935550288487,0.22639076323286858,10,1418648,Worms,9
0.34920634920634924,0.28679323581284366,0.1740290898185635,10,1852439,Worms,9
0.4166666666666665,0.29658678286129264,0.19520167941220573,10,1388846,Worms,9
0.45582010582010585,0.337812731930379,0.24390463337831764,10,65670,Worms,9
